Rank,Name,Team,POS,W,L,ERA,GMS,GS,SV,IP,H,R,ER,HR,BB,SO,AVG,WHIP,PTS
1,Shane Bieber,CLE,SP,8,1,1.63,12,12,0,77.1,46,15,14,7,21,122,0.167,0.87,644
2,Yu Darvish,CHC,SP,8,3,2.01,12,12,0,76,59,18,17,5,14,93,0.211,0.96,544
3,Trevor Bauer,CIN,SP,5,4,1.73,11,11,0,73,41,17,14,9,17,100,0.159,0.8,543
4,Jacob deGrom,NYM,SP,4,2,2.38,12,12,0,68,47,21,18,7,18,104,0.19,0.96,518
5,Gerrit Cole,NYY,SP,7,3,2.84,12,11,0,73,53,27,23,14,17,94,0.197,0.96,502
5,Lance Lynn,TEX,SP,6,3,3.32,13,13,0,84,64,34,31,13,25,89,0.206,1.06,502
7,Lucas Giolito,CHW,SP,4,3,3.48,12,12,0,72.1,47,31,28,8,28,97,0.184,1.04,480
7,Dinelson Lamet,SD,SP,3,1,2.09,12,12,0,69,39,18,16,5,20,93,0.161,0.86,480
9,Aaron Nola,PHI,SP,5,5,3.28,12,11,0,71.1,54,31,26,9,23,96,0.205,1.08,478
10,Brandon Woodruff,MIL,SP,3,5,3.05,13,13,0,73.2,55,26,25,9,18,91,0.204,0.99,461
11,Luis Castillo,CIN,SP,4,6,3.21,12,12,0,70,62,31,25,5,24,89,0.233,1.23,454
12,Zac Gallen,ARI,SP,3,2,2.75,12,12,0,72,55,24,22,9,25,82,0.21,1.11,450
13,Max Scherzer,WSH,SP,5,4,3.74,12,12,0,67.1,70,30,28,10,23,92,0.26,1.38,448
13,Kenta Maeda,MIN,SP,6,1,2.7,11,11,0,66.2,40,20,20,9,10,80,0.168,0.75,448
15,Corbin Burnes,MIL,RP,4,1,2.11,12,9,0,59.2,37,15,14,2,24,88,0.174,1.02,441
16,Carlos Carrasco,CLE,SP,3,4,2.91,12,12,0,68,55,22,22,8,27,82,0.221,1.21,438
17,Kyle Hendricks,CHC,SP,6,5,2.88,12,12,0,81.1,73,26,26,10,8,64,0.24,1,430
18,German Márquez,COL,SP,4,6,3.75,13,13,0,81.2,78,41,34,6,25,73,0.247,1.26,422
19,Hyun-Jin Ryu,TOR,SP,5,2,2.69,12,12,0,67,60,22,20,6,17,72,0.234,1.15,415
20,Framber Valdez,HOU,SP,5,3,3.57,11,10,0,70.2,63,32,28,5,16,76,0.239,1.12,410
21,Tyler Glasnow,TB,SP,5,1,4.08,11,11,0,57.1,43,26,26,11,22,91,0.2,1.13,409
22,Dylan Bundy,LAA,SP,6,3,3.29,11,11,0,65.2,51,27,24,5,17,72,0.208,1.04,401
23,Zach Davies,SD,SP,7,4,2.73,12,12,0,69.1,55,26,21,9,19,63,0.215,1.07,400
24,Marco Gonzales,SEA,SP,7,2,3.1,11,11,0,69.2,59,27,24,8,7,64,0.222,0.95,395
25,Clayton Kershaw,LAD,SP,6,2,2.16,10,10,0,58.1,41,18,14,8,8,62,0.194,0.84,379
26,Kevin Gausman,SF,SP,3,3,3.62,12,10,0,59.2,50,26,24,8,16,79,0.221,1.11,378
27,Sonny Gray,CIN,SP,5,3,3.7,11,11,0,56,42,26,23,4,26,72,0.203,1.21,365
28,Aaron Civale,CLE,SP,4,6,4.74,12,12,0,74,82,39,39,11,16,69,0.282,1.32,364
29,Chris Bassitt,OAK,SP,5,2,2.29,11,11,0,63,56,18,16,6,17,55,0.233,1.16,356
30,Zack Wheeler,PHI,SP,4,2,2.92,11,11,0,71,67,26,23,3,16,53,0.254,1.17,355
30,José Berríos,MIN,SP,5,4,4,12,12,0,63,57,28,28,8,26,68,0.238,1.32,355
32,Andrew Heaney,LAA,SP,4,3,4.46,12,12,0,66.2,63,35,33,9,19,70,0.246,1.23,351
33,Zack Greinke,HOU,SP,3,3,4.03,12,12,0,67,67,30,30,6,9,67,0.256,1.13,350
34,Adam Wainwright,STL,SP,5,3,3.15,10,10,0,65.2,54,25,23,9,15,54,0.221,1.05,348
35,Zach Eflin,PHI,SP,4,2,3.97,11,10,0,59,60,28,26,8,15,70,0.263,1.27,345
36,Zach Plesac,CLE,SP,4,2,2.28,8,8,0,55.1,38,14,14,8,6,57,0.191,0.8,343
37,Max Fried,ATL,SP,7,0,2.25,11,11,0,56,42,14,14,2,19,50,0.211,1.09,334
38,Pablo López,MIA,SP,6,4,3.61,11,11,0,57.1,50,27,23,4,18,59,0.23,1.19,332
39,Dallas Keuchel,CHW,SP,6,2,1.99,11,11,0,63.1,52,15,14,2,17,42,0.218,1.09,330
40,Brady Singer,KC,SP,4,5,4.06,12,12,0,64.1,52,29,29,8,23,61,0.22,1.17,325
41,Antonio Senzatela,COL,SP,5,3,3.44,12,12,0,73.1,71,29,28,9,18,41,0.254,1.21,313
42,Patrick Corbin,WSH,SP,2,7,4.66,11,11,0,65.2,85,35,34,10,18,60,0.308,1.57,311
43,Blake Snell,TB,SP,4,2,3.24,11,11,0,50,42,19,18,10,18,63,0.228,1.2,309
44,Jesús Luzardo,OAK,RP,3,2,4.12,12,9,0,59,58,27,27,9,17,59,0.257,1.27,307
45,Taijuan Walker,TOR,SP,4,3,2.7,11,11,0,53.1,43,23,16,8,19,50,0.214,1.16,306
46,Cristian Javier,HOU,RP,5,2,3.48,12,10,0,54.1,36,21,21,11,18,54,0.188,0.99,304
47,Chris Paddack,SD,SP,4,5,4.73,12,12,0,59,60,33,31,14,12,58,0.262,1.22,302
48,Lance McCullers Jr.,HOU,SP,3,3,3.93,11,11,0,55,44,29,24,5,20,56,0.22,1.16,299
49,Kyle Freeland,COL,SP,2,3,4.33,13,13,0,70.2,77,34,34,9,23,46,0.278,1.42,296
50,Tyler Mahle,CIN,SP,2,2,3.59,10,9,0,47.2,34,21,19,6,21,60,0.198,1.15,294
51,Justus Sheffield,SEA,SP,4,3,3.58,10,10,0,55.1,52,23,22,2,20,48,0.251,1.3,292
52,Spencer Turnbull,DET,SP,4,4,3.97,11,11,0,56.2,47,25,25,2,29,51,0.226,1.34,288
53,Griffin Canning,LAA,SP,2,3,3.99,11,11,0,56.1,54,29,25,8,23,56,0.257,1.37,286
54,Kyle Gibson,TEX,SP,2,6,5.35,12,12,0,67.1,73,44,40,12,30,58,0.275,1.53,284
55,Alec Mills,CHC,RP,5,4,4.48,12,11,0,62.1,53,31,31,13,19,46,0.23,1.16,282
55,Dustin May,LAD,RP,3,1,2.57,12,10,0,56,45,18,16,9,16,44,0.22,1.09,282
57,Nathan Eovaldi,BOS,SP,4,2,3.72,9,9,0,48.1,51,20,20,8,7,52,0.273,1.2,281
58,Danny Duffy,KC,SP,4,4,4.95,12,11,0,56.1,53,33,31,10,22,57,0.249,1.33,275
58,Dylan Cease,CHW,SP,5,4,4.01,12,12,0,58.1,50,30,26,12,34,44,0.234,1.44,275
60,Julio Urías,LAD,RP,3,0,3.27,11,10,0,55,45,20,20,5,18,45,0.22,1.15,274
60,Brad Keller,KC,SP,5,3,2.47,9,9,0,54.2,39,16,15,2,17,35,0.202,1.02,274
62,Frankie Montas,OAK,SP,3,5,5.6,11,11,0,53,57,35,33,10,23,60,0.27,1.51,270
63,Johnny Cueto,SF,SP,2,3,5.4,12,12,0,63.1,61,41,38,9,26,56,0.248,1.37,268
64,Tony Gonsolin,LAD,SP,2,2,2.31,9,8,0,46.2,32,13,12,2,7,46,0.193,0.84,266
65,Mike Minor,OAK,SP,1,6,5.56,12,11,0,56.2,50,36,35,11,20,62,0.23,1.24,265
66,Martin Pérez,BOS,SP,3,5,4.5,12,12,0,62,55,33,31,8,28,46,0.24,1.34,261
66,Devin Williams,MIL,RP,4,1,0.33,22,0,0,27,8,4,1,1,9,53,0.089,0.63,261
68,David Peterson,NYM,SP,6,2,3.44,10,9,0,49.2,36,20,19,5,24,40,0.202,1.21,260
69,Robbie Ray,TOR,SP,2,5,6.62,12,11,0,51.2,53,40,38,13,45,68,0.261,1.9,257
70,Matthew Boyd,DET,SP,3,7,6.71,12,12,0,60.1,67,46,45,15,22,60,0.278,1.48,256
71,Tyler Anderson,SF,SP,4,3,4.37,13,11,0,59.2,58,32,29,5,25,41,0.256,1.39,251
71,Ryan Yarbrough,TB,RP,1,4,3.56,11,9,0,55.2,54,22,22,5,12,44,0.256,1.19,251
73,Rick Porcello,NYM,SP,1,7,5.64,12,12,0,59,74,41,37,5,15,54,0.303,1.51,250
73,Mike Fiers,OAK,SP,6,3,4.58,11,11,0,59,65,31,30,9,16,37,0.275,1.37,250
75,Sean Manaea,OAK,SP,4,3,4.5,11,11,0,54,57,32,27,7,8,45,0.27,1.2,248
76,Garrett Richards,SD,SP,2,2,4.03,14,10,0,51.1,47,23,23,7,17,46,0.244,1.25,247
76,Joe Musgrove,PIT,SP,1,5,3.86,8,8,0,39.2,33,17,17,5,16,55,0.226,1.24,247
78,Masahiro Tanaka,NYY,SP,3,3,3.56,10,10,0,48,48,25,19,9,8,44,0.257,1.17,245
79,Sandy Alcantara,MIA,SP,3,2,3,7,7,0,42,35,22,14,4,15,39,0.226,1.19,243
80,J.A. Happ,NYY,SP,2,2,3.47,9,8,0,49.1,37,19,19,8,15,42,0.208,1.05,241
81,Kris Bubic,KC,SP,1,6,4.32,10,10,0,50,52,29,24,8,22,49,0.263,1.48,239
82,Jon Lester,CHC,SP,3,3,5.16,12,12,0,61,64,35,35,11,17,42,0.262,1.33,238
83,Mike Clevinger,SD,SP,3,2,3.02,8,8,0,41.2,34,14,14,6,14,40,0.231,1.15,237
84,Jack Flaherty,STL,SP,4,3,4.91,9,9,0,40.1,33,22,22,6,16,49,0.221,1.22,234
85,Ian Anderson,ATL,SP,3,2,1.95,6,6,0,32.1,21,11,7,1,14,41,0.172,1.08,229
86,Josh Lindblom,MIL,RP,2,4,5.16,12,10,0,45.1,42,26,26,6,16,52,0.244,1.28,226
87,Chad Kuhl,PIT,SP,2,3,4.27,11,8,0,46.1,35,26,22,8,28,44,0.212,1.36,225
87,Justin Dunn,SEA,SP,4,1,4.34,10,10,0,45.2,31,23,22,10,31,38,0.189,1.36,225
87,Yusei Kikuchi,SEA,SP,2,5,5.17,9,9,0,47,41,27,27,3,20,47,0.238,1.3,225
90,Edwin Díaz,NYM,RP,2,1,1.75,26,0,6,25.2,18,6,5,2,14,50,0.186,1.25,224
90,Logan Webb,SF,SP,3,4,5.47,13,11,0,54.1,61,38,33,4,24,46,0.288,1.56,224
92,James Karinchak,CLE,RP,1,2,2.67,27,0,1,27,14,9,8,1,16,53,0.157,1.11,222
93,JT Brubaker,PIT,SP,1,3,4.94,11,9,0,47.1,48,27,26,6,17,48,0.262,1.37,218
94,Alex Cobb,BAL,SP,2,5,4.3,10,10,0,52.1,52,27,25,8,18,38,0.252,1.34,216
95,Trevor Williams,PIT,SP,2,8,6.18,11,11,0,55.1,66,42,38,15,21,49,0.296,1.57,215
95,John Means,BAL,SP,2,3,4.53,10,9,0,43.2,36,22,22,12,7,42,0.22,0.99,215
97,Jordan Montgomery,NYY,SP,2,3,5.11,10,10,0,44,48,27,25,7,9,47,0.265,1.3,214
98,Tyler Matzek,ATL,SP,4,3,2.79,21,0,0,29,23,9,9,1,10,43,0.211,1.14,213
98,Luke Weaver,ARI,SP,1,9,6.58,12,12,0,52,63,39,38,10,18,55,0.292,1.56,213
100,Brett Anderson,MIL,SP,4,4,4.21,10,10,0,47,50,24,22,6,10,32,0.27,1.28,211
100,Adrian Houser,MIL,SP,1,6,5.3,12,11,0,56,63,41,33,8,21,44,0.285,1.5,211
102,Mike Mayers,LAA,RP,2,0,2.1,29,0,2,30,18,10,7,2,9,43,0.162,0.9,210
102,Seth Lugo,NYM,RP,3,4,5.16,16,5,3,36.2,40,22,21,8,10,47,0.274,1.36,210
102,Triston McKenzie,CLE,SP,2,1,3.24,8,6,0,33.1,21,12,12,6,9,42,0.179,0.9,210
105,Peter Fairbanks,TB,RP,6,3,2.7,27,2,0,26.2,23,9,8,2,14,39,0.228,1.39,209
106,Steven Brault,PIT,SP,1,3,3.38,11,10,0,42.2,29,17,16,2,22,38,0.195,1.2,208
106,Freddy Peralta,MIL,RP,3,1,3.99,15,1,0,29.1,22,14,13,2,12,47,0.202,1.16,208
106,Tejay Antone,CIN,SP,0,3,2.8,13,4,0,35.1,20,11,11,4,16,45,0.165,1.02,208
109,Taylor Clarke,ARI,SP,3,0,4.36,12,5,0,43.1,35,23,21,8,21,40,0.217,1.29,205
109,Sixto Sánchez,MIA,SP,3,2,3.46,7,7,0,39,36,15,15,3,11,33,0.25,1.21,205
111,Walker Buehler,LAD,SP,1,0,3.44,8,8,0,36.2,24,18,14,7,11,42,0.178,0.96,204
111,Dakota Hudson,STL,SP,3,2,2.77,8,8,0,39,24,13,12,5,15,31,0.178,1,204
113,Anibal Sánchez,WSH,SP,4,5,6.62,11,11,0,53,70,40,39,11,18,43,0.312,1.66,199
114,Randy Dobnak,MIN,RP,6,4,4.05,10,10,0,46.2,50,21,21,3,13,27,0.278,1.35,198
114,Kwang Hyun Kim,STL,SP,3,0,1.62,8,7,2,39,28,9,7,3,12,24,0.197,1.03,198
116,Ross Stripling,TOR,SP,3,3,5.84,12,9,1,49.1,56,37,32,13,18,40,0.279,1.5,194
116,Matt Foster,CHW,RP,6,1,2.2,23,2,0,28.2,16,8,7,2,9,31,0.16,0.87,194
118,Daniel Ponce De Leon,STL,SP,1,3,4.96,9,7,0,32.2,23,18,18,8,20,45,0.19,1.32,193
118,Nick Margevicius,SEA,SP,2,3,4.57,10,7,0,41.1,38,21,21,6,14,36,0.244,1.26,193
120,Charlie Morton,TB,SP,2,2,4.74,9,9,0,38,43,21,20,4,10,42,0.279,1.4,192
120,Austin Voth,WSH,SP,2,5,6.34,11,11,0,49.2,57,36,35,14,18,44,0.281,1.51,192
122,Liam Hendriks,OAK,RP,3,1,1.78,24,0,14,25.1,14,6,5,1,3,37,0.154,0.67,190
123,Brent Suter,MIL,RP,2,0,3.13,16,4,0,31.2,30,13,11,4,5,38,0.244,1.11,188
123,Merrill Kelly,ARI,SP,3,2,2.59,5,5,0,31.1,26,9,9,5,5,29,0.218,0.99,188
125,Vince Velasquez,PHI,SP,1,1,5.56,9,7,0,34,36,21,21,5,17,46,0.269,1.56,187
126,Jake Arrieta,PHI,SP,4,4,5.08,9,9,0,44.1,51,25,25,6,16,32,0.298,1.51,186
126,Rich Hill,MIN,SP,2,2,3.03,8,8,0,38.2,28,13,13,3,17,31,0.204,1.16,186
126,Jonathan Hernández,TEX,RP,5,1,2.9,27,0,0,31,24,10,10,2,8,31,0.218,1.03,186
129,Alex Young,ARI,SP,2,4,5.44,15,7,0,46.1,51,30,28,11,14,39,0.277,1.4,184
130,Dane Dunning,CHW,SP,2,0,3.97,7,7,0,34,25,17,15,4,13,35,0.197,1.12,182
131,Josh Tomlin,ATL,RP,2,2,4.77,17,5,0,39.2,40,22,21,6,8,36,0.263,1.21,180
131,Chris Stratton,PIT,RP,2,1,3.9,27,0,0,30,26,19,13,3,13,39,0.222,1.3,180
133,José Cisnero,DET,RP,3,3,3.03,29,0,1,29.2,23,10,10,1,10,34,0.209,1.11,179
133,Josh Staumont,KC,RP,2,1,2.46,26,0,0,25.2,20,8,7,2,16,37,0.213,1.4,179
135,Greg Holland,KC,RP,3,0,1.91,28,0,6,28.1,20,8,6,1,7,31,0.198,0.95,178
136,Erick Fedde,WSH,RP,1,4,4.29,11,8,0,50.1,47,25,24,10,22,28,0.241,1.37,177
136,Scott Barlow,KC,RP,2,1,4.2,32,0,2,30,27,14,14,4,9,39,0.239,1.2,177
136,Cal Quantrill,CLE,SP,2,0,2.25,18,3,1,32,31,12,8,4,8,31,0.25,1.22,177
139,Trevor Rosenthal,SD,RP,1,0,1.9,23,0,11,23.2,12,6,5,2,8,38,0.145,0.85,176
139,Michael Lorenzen,CIN,RP,3,1,4.28,23,2,0,33.2,30,17,16,3,17,35,0.236,1.4,176
139,Lucas Sims,CIN,SP,3,0,2.46,20,0,0,25.2,13,10,7,3,11,34,0.144,0.94,176
139,Josh Fleming,TB,RP,5,0,2.78,7,5,0,32.1,28,10,10,5,7,25,0.23,1.08,176
143,Drew Smyly,SF,SP,0,1,3.42,7,5,0,26.1,20,11,10,2,9,42,0.198,1.1,175
143,Tyler Alexander,DET,SP,2,3,3.96,14,2,0,36.1,39,16,16,8,9,34,0.283,1.32,175
145,Matt Wisler,MIN,RP,0,1,1.07,18,4,1,25.1,15,3,3,2,14,35,0.165,1.15,172
146,Deivi García,NYY,SP,3,2,4.98,6,5,0,34.1,35,20,19,6,6,33,0.299,1.19,171
147,Derek Holland,PIT,RP,1,3,6.86,12,5,0,40.2,42,33,31,12,15,45,0.261,1.4,170
147,Tanner Roark,TOR,SP,2,3,6.8,11,11,0,47.2,60,39,36,14,23,41,0.309,1.74,170
149,Grant Dayton,ATL,RP,2,1,2.31,18,0,0,27.1,22,9,7,4,11,32,0.212,1.21,169
149,Richard Rodríguez,PIT,RP,3,2,2.7,24,0,4,23.1,15,8,7,3,5,34,0.176,0.86,169
149,Génesis Cabrera,STL,RP,4,1,2.42,20,0,1,22.1,10,9,6,3,16,32,0.13,1.16,169
152,Miguel Castro,NYM,RP,2,2,4.01,26,0,2,24.2,28,12,11,4,13,38,0.275,1.66,167
153,Jake Diekman,OAK,RP,2,0,0.42,21,0,0,21.1,8,2,1,1,12,31,0.111,0.94,166
154,Rafael Dolis,TOR,RP,2,2,1.5,24,0,5,24,16,9,4,1,14,31,0.186,1.25,165
154,Raisel Iglesias,CIN,RP,4,3,2.74,22,0,8,23,16,11,7,1,5,31,0.19,0.91,165
156,Tommy Milone,ATL,SP,1,4,6.69,9,9,0,39,55,34,29,9,6,40,0.324,1.56,164
157,Kenley Jansen,LAD,RP,3,1,3.33,27,0,11,24.1,19,11,9,2,9,33,0.204,1.15,163
158,Kyle Wright,ATL,SP,2,4,5.21,8,8,0,38,35,23,22,7,24,30,0.243,1.55,162
159,Chad Green,NYY,RP,3,3,3.51,22,0,1,25.2,13,13,10,5,8,32,0.14,0.82,161
159,Tarik Skubal,DET,SP,1,4,5.63,8,7,0,32,28,21,20,9,11,37,0.235,1.22,161
161,Trevor May,MIN,RP,1,0,3.86,24,0,2,23.1,20,11,10,5,7,38,0.225,1.16,160
161,Jake McGee,LAD,RP,3,1,2.66,24,0,0,20.1,14,6,6,2,3,33,0.187,0.84,160
161,Austin Gomber,STL,RP,1,1,1.86,14,4,0,29,19,6,6,1,15,27,0.19,1.17,160
164,Matt Andriese,LAA,RP,2,4,4.5,16,1,2,32,21,17,16,5,11,33,0.179,1,159
164,J.B. Wendelken,OAK,RP,1,1,1.8,21,0,0,25,17,8,5,2,11,31,0.177,1.12,159
166,Elieser Hernandez,MIA,SP,1,0,3.16,6,6,0,25.2,21,10,9,5,5,34,0.212,1.01,158
167,Jordan Lyles,TEX,SP,1,6,7.02,12,9,0,57.2,67,49,45,12,23,36,0.285,1.56,156
167,Tyler Duffey,MIN,RP,1,1,1.88,22,0,0,24,13,6,5,2,6,31,0.153,0.79,156
169,Daniel Norris,DET,SP,3,1,3.25,14,1,0,27.2,25,10,10,2,7,28,0.231,1.16,155
170,Phillips Valdez,BOS,RP,1,1,3.26,24,0,0,30.1,33,16,11,3,16,30,0.28,1.62,154
170,Trevor Rogers,MIA,SP,1,2,6.11,7,6,0,28,32,20,19,5,13,39,0.283,1.61,154
172,Ryan Weber,BOS,RP,1,3,4.4,17,5,0,43,44,23,21,8,14,27,0.26,1.35,153
172,John Curtiss,TB,RP,3,0,1.8,17,3,2,25,21,7,5,3,3,25,0.221,0.96,153
174,Evan Marshall,CHW,RP,2,1,2.38,23,0,0,22.2,17,6,6,1,7,30,0.198,1.06,152
174,Gio González,CHW,SP,1,2,4.83,12,4,0,31.2,40,19,17,6,19,34,0.305,1.86,152
174,Codi Heuer,CHW,RP,3,0,1.52,21,0,1,23.2,12,4,4,1,9,25,0.145,0.89,152
177,Brad Hand,CLE,RP,2,1,2.05,23,0,16,22,13,8,5,0,4,29,0.162,0.77,150
177,Chasen Shreve,NYM,RP,1,0,3.96,17,0,0,25,17,12,11,4,12,34,0.191,1.16,150
177,Patrick Sandoval,LAA,SP,1,5,5.65,9,6,0,36.2,37,26,23,10,12,33,0.252,1.34,150
180,Daniel Bard,COL,RP,4,2,3.65,23,0,6,24.2,22,10,10,2,10,27,0.234,1.3,149
180,Félix Peña,LAA,RP,3,0,4.05,25,0,2,26.2,27,12,12,2,8,29,0.255,1.31,149
180,Keegan Akin,BAL,SP,1,2,4.56,8,6,0,25.2,27,17,13,3,10,35,0.262,1.44,149
180,Jaime Barria,LAA,SP,1,0,3.62,7,5,0,32.1,27,13,13,3,9,27,0.223,1.11,149
184,Trevor Cahill,SF,SP,1,2,3.24,11,6,0,25,16,10,9,3,14,31,0.18,1.2,147
184,Paul Fry,BAL,RP,2,0,2.46,22,0,0,22,22,7,6,3,9,29,0.247,1.41,147
186,Travis Lakins,BAL,RP,3,2,2.81,22,0,1,25.2,25,11,8,2,13,25,0.243,1.48,146
186,Phil Maton,CLE,RP,3,3,4.57,23,0,0,21.2,23,14,11,1,6,32,0.261,1.34,146
188,Michael Pineda,MIN,SP,2,0,3.38,5,5,0,26.2,25,10,10,0,7,25,0.248,1.2,145
188,Tanner Rainey,WSH,RP,1,1,2.66,20,0,0,20.1,8,6,6,4,7,32,0.116,0.74,145
190,Michael Wacha,NYM,SP,1,4,6.62,8,7,0,34,46,26,25,9,7,37,0.313,1.56,144
190,Tyler Clippard,MIN,RP,2,1,2.77,26,2,0,26,19,9,8,2,4,26,0.202,0.89,144
190,Jorge Alcala,MIN,RP,2,1,2.63,16,0,0,24,21,8,7,3,8,27,0.239,1.21,144
193,Yency Almonte,COL,RP,3,0,2.93,24,0,1,27.2,25,13,9,2,6,23,0.24,1.12,143
194,Thomas Hatch,TOR,SP,3,1,2.73,17,1,0,26.1,18,11,8,2,13,23,0.191,1.18,142
195,Pierce Johnson,SD,RP,3,1,2.7,24,0,0,20,15,7,6,2,9,27,0.211,1.2,141
195,Kyle Zimmer,KC,RP,1,0,1.57,16,1,0,23,14,4,4,0,10,26,0.175,1.04,141
195,Tyler Rogers,SF,RP,3,3,4.5,29,0,3,28,31,16,14,2,6,27,0.265,1.32,141
198,Chase Anderson,TOR,SP,1,2,7.22,10,7,0,33.2,45,29,27,11,10,38,0.315,1.63,140
198,Drew Pomeranz,SD,RP,1,0,1.45,20,0,4,18.2,9,3,3,1,10,29,0.145,1.02,140
198,Nick Wittgren,CLE,RP,2,0,3.42,25,0,0,23.2,18,9,9,4,6,28,0.207,1.01,140
198,Diego Castillo,TB,RP,3,0,1.66,22,0,4,21.2,12,4,4,3,11,23,0.156,1.06,140
202,Victor González,LAD,SP,3,0,1.33,15,1,0,20.1,13,3,3,0,2,23,0.176,0.74,139
203,Ryan Brasier,BOS,RP,1,0,3.96,25,1,0,25,24,12,11,2,11,30,0.242,1.4,138
203,Aaron Loup,TB,RP,3,2,2.52,24,0,0,25,17,9,7,3,4,22,0.198,0.84,138
203,Stefan Crichton,ARI,RP,2,2,2.42,26,0,5,26,22,7,7,1,9,23,0.229,1.19,138
206,Wander Suero,WSH,RP,2,0,3.8,22,0,0,23.2,20,10,10,1,10,28,0.227,1.27,137
206,A.J. Minter,ATL,RP,1,1,0.83,22,0,0,21.2,15,3,2,1,9,24,0.197,1.11,137
206,Kyle Finnegan,WSH,RP,1,0,2.92,25,0,0,24.2,21,10,8,2,13,27,0.221,1.38,137
206,Tanner Houck,BOS,SP,3,0,0.53,3,3,0,17,6,2,1,1,9,21,0.113,0.88,137
210,Nick Anderson,TB,RP,2,1,0.55,19,0,6,16.1,5,2,1,1,3,26,0.089,0.49,136
210,Adbert Alzolay,CHC,SP,1,1,2.95,6,4,0,21.1,12,8,7,1,13,29,0.169,1.17,136
212,Matt Barnes,BOS,RP,1,3,4.3,24,0,9,23,18,13,11,4,14,31,0.212,1.39,135
212,Chris Mazza,BOS,RP,1,2,4.8,9,6,0,30,34,18,16,3,15,29,0.288,1.63,135
212,Jose Urquidy,HOU,SP,1,1,2.73,5,5,0,29.2,22,9,9,4,8,17,0.206,1.01,135
215,Jorge López,BAL,RP,2,2,6.69,10,6,0,39,46,32,29,7,12,28,0.341,1.49,134
215,Andre Scrubb,HOU,RP,1,0,1.9,20,0,1,23.2,15,5,5,1,20,24,0.188,1.48,134
217,Darren O'Day,ATL,RP,4,0,1.1,19,0,0,16.1,8,3,2,1,5,22,0.136,0.8,133
217,Jeremy Jeffress,CHC,RP,4,1,1.54,22,0,8,23.1,10,5,4,1,12,17,0.132,0.94,133
217,Wandy Peralta,SF,RP,1,1,3.29,25,0,0,27.1,22,13,10,3,11,25,0.22,1.21,133
220,Ryan Pressly,HOU,RP,1,3,3.43,23,0,12,21,21,10,8,2,7,29,0.25,1.33,132
220,Josh Hader,MIL,RP,1,2,3.79,21,0,13,19,8,8,8,3,10,31,0.121,0.95,132
220,Tyler Zuber,KC,RP,1,2,4.09,23,0,0,22,15,11,10,4,20,30,0.195,1.59,132
223,Madison Bumgarner,ARI,SP,1,4,6.48,9,9,0,41.2,47,31,30,13,13,30,0.276,1.44,131
223,Ryan Castellani,COL,SP,1,4,5.82,10,9,0,43.1,37,30,28,12,26,25,0.236,1.45,131
223,Alex Reyes,STL,RP,2,1,3.2,15,1,1,19.2,14,10,7,1,14,27,0.192,1.42,131
223,Caleb Ferguson,LAD,RP,2,1,2.89,21,1,0,18.2,16,7,6,4,3,27,0.222,1.02,131
227,Joakim Soria,OAK,RP,2,2,2.82,22,0,2,22.1,18,8,7,1,10,24,0.214,1.25,130
228,Sam Howard,PIT,RP,2,3,3.86,22,0,0,21,17,10,9,4,9,27,0.215,1.24,129
229,Shane Greene,ATL,RP,1,0,2.6,28,0,0,27.2,22,9,8,2,9,21,0.224,1.12,128
229,Jeurys Familia,NYM,RP,2,0,3.71,25,0,0,26.2,20,11,11,2,19,23,0.204,1.46,128
229,Blake Treinen,LAD,RP,3,3,3.86,27,0,1,25.2,23,15,11,1,8,22,0.237,1.21,128
229,Ryan Tepera,CHC,RP,0,1,3.92,21,0,0,20.2,17,9,9,2,12,31,0.221,1.4,128
233,Matt Shoemaker,TOR,SP,0,2,4.71,6,6,0,28.2,22,16,15,8,9,26,0.208,1.08,127
233,Dylan Floro,LAD,RP,3,0,2.59,25,0,0,24.1,23,7,7,1,4,19,0.25,1.11,127
233,Eric Yardley,MIL,RP,2,0,1.54,24,0,0,23.1,19,6,4,2,10,19,0.224,1.24,127
236,Blake Parker,PHI,RP,3,0,2.81,14,1,0,16,12,7,5,2,9,25,0.194,1.31,126
236,Asher Wojciechowski,BAL,SP,1,3,6.81,10,5,0,37,45,29,28,11,15,31,0.308,1.62,126
236,Jonathan Loaisiga,NYY,SP,3,0,3.52,12,2,0,23,21,11,9,3,7,22,0.233,1.22,126
239,Héctor Neris,PHI,RP,2,2,4.57,24,0,5,21.2,24,15,11,0,13,27,0.264,1.71,125
239,Thomas Eshelman,BAL,RP,3,1,3.89,12,4,0,34.2,34,17,15,7,9,16,0.26,1.24,125
241,A.J. Cole,TOR,RP,3,0,3.09,24,0,1,23.1,19,9,8,3,9,20,0.218,1.2,124
241,Amir Garrett,CIN,RP,1,0,2.46,21,0,1,18.1,10,5,5,4,7,26,0.161,0.93,124
241,Brandon Bielak,HOU,SP,3,3,6.75,12,6,0,32,39,26,24,9,17,26,0.305,1.75,124
241,Caleb Baragar,SF,SP,5,1,4.03,24,1,0,22.1,17,10,10,3,5,19,0.21,0.99,124
245,Caleb Thielbar,MIN,RP,2,1,2.25,17,0,0,20,14,6,5,0,9,22,0.187,1.15,123
245,Gregory Soto,DET,SP,0,1,4.3,27,0,2,23,16,11,11,2,13,29,0.193,1.26,123
247,Daniel Hudson,WSH,RP,3,2,6.1,21,0,10,20.2,15,15,14,6,11,28,0.19,1.26,122
247,David Phelps,PHI,RP,2,4,6.53,22,0,0,20.2,19,16,15,7,5,31,0.229,1.16,122
247,Anthony Bass,TOR,RP,2,3,3.51,26,0,7,25.2,17,13,10,2,9,21,0.183,1.01,122
247,Tanner Scott,BAL,RP,0,0,1.31,25,0,1,20.2,12,5,3,1,10,23,0.16,1.07,122
247,Yohan Ramirez,SEA,RP,0,0,2.61,16,0,3,20.2,9,6,6,3,20,26,0.129,1.4,122
252,Alex Colomé,CHW,RP,2,0,0.81,21,0,12,22.1,13,3,2,0,8,16,0.157,0.94,121
252,Mychal Givens,COL,RP,1,1,3.63,22,0,1,22.1,16,10,9,5,10,25,0.2,1.16,121
252,Jalen Beeks,TB,RP,1,1,3.26,12,0,1,19.1,21,9,7,1,4,26,0.276,1.29,121
255,Jon Gray,COL,SP,2,4,6.69,8,8,0,39,45,31,29,6,11,22,0.281,1.44,120
256,Enoli Paredes,HOU,SP,3,3,3.05,22,0,0,20.2,18,9,7,1,11,20,0.222,1.4,119
257,Tyler Chatwood,CHC,RP,2,3,5.3,5,5,0,18.2,22,11,11,2,9,25,0.289,1.66,118
257,Lou Trivino,OAK,RP,0,0,3.86,20,0,0,23.1,16,10,10,3,10,26,0.193,1.11,118
259,Yimi García,MIA,RP,3,0,0.6,14,0,1,15,9,1,1,0,5,19,0.164,0.93,117
259,Taylor Rogers,MIN,RP,2,4,4.05,21,0,9,20,26,14,9,2,4,24,0.299,1.5,117
261,Tommy Hunter,PHI,RP,0,1,4.01,24,0,1,24.2,22,11,11,2,6,25,0.239,1.14,116
261,Justin Wilson,NYM,RP,2,1,3.66,23,0,0,19.2,18,10,8,1,9,23,0.24,1.37,116
261,Yusmeiro Petit,OAK,RP,2,1,1.66,26,0,0,21.2,19,4,4,3,5,17,0.232,1.11,116
261,Junior Guerra,ARI,RP,1,2,3.04,25,0,0,23.2,17,10,8,1,15,21,0.198,1.35,116
261,Kyle Cody,TEX,SP,1,1,1.59,8,5,0,22.2,15,5,4,1,13,18,0.19,1.24,116
266,Adrian Morejon,SD,SP,2,2,4.66,9,4,0,19.1,20,11,10,7,4,25,0.267,1.24,115
266,Ryan Thompson,TB,RP,1,2,4.44,25,1,1,26.1,29,15,13,4,8,23,0.274,1.41,115
268,Chris Martin,ATL,RP,1,1,1,19,0,1,18,8,3,2,1,3,20,0.125,0.61,114
268,Kolby Allard,TEX,RP,0,6,7.75,11,8,0,33.2,31,29,29,4,20,32,0.238,1.52,114
268,Jake Newberry,KC,RP,1,0,4.09,20,0,1,22,20,12,10,3,12,24,0.256,1.46,114
268,Trevor Richards,TB,SP,0,0,5.91,9,4,0,32,44,24,21,6,11,27,0.321,1.72,114
272,Tyler Webb,STL,RP,1,1,2.08,21,0,0,21.2,17,5,5,2,7,19,0.215,1.11,113
272,Jordan Romano,TOR,SP,2,1,1.23,15,0,2,14.2,8,3,2,2,5,21,0.148,0.89,113
274,Jesse Hahn,KC,RP,1,0,0.52,18,0,3,17.1,4,1,1,0,8,19,0.071,0.69,112
274,Riley Smith,ARI,SP,2,0,1.47,6,0,0,18.1,15,3,3,1,5,18,0.234,1.09,112
276,Craig Stammen,SD,RP,4,2,5.63,24,0,0,24,27,16,15,2,4,20,0.278,1.29,111
277,James Hoyt,MIA,RP,2,0,1.23,24,0,0,14.2,9,2,2,1,8,20,0.173,1.16,110
277,Blake Taylor,HOU,SP,2,1,2.18,22,0,1,20.2,13,7,5,2,12,17,0.167,1.21,110
277,Duane Underwood Jr.,CHC,RP,1,0,5.66,17,0,0,20.2,25,13,13,5,6,27,0.312,1.5,110
280,Brandon Kintzler,MIA,RP,2,3,2.22,24,0,12,24.1,21,7,6,3,11,14,0.228,1.32,109
280,Sam Selman,SF,RP,1,1,3.72,24,0,1,19.1,13,8,8,2,9,23,0.186,1.14,109
282,Sergio Romo,MIN,RP,1,2,4.05,24,0,5,20,16,9,9,3,7,23,0.211,1.15,108
282,Brooks Raley,HOU,SP,0,1,4.95,21,0,1,20,13,12,11,3,6,27,0.173,0.95,108
282,Adam Kolarek,LAD,RP,3,0,0.95,21,0,1,19,11,2,2,1,4,13,0.164,0.79,108
282,Anthony Misiewicz,SEA,SP,0,2,4.05,21,0,0,20,20,9,9,2,6,25,0.263,1.3,108
286,Jace Fry,CHW,RP,0,1,3.66,18,0,0,19.2,16,9,8,3,12,24,0.222,1.42,107
286,Tyler Kinley,COL,RP,0,2,5.32,24,0,0,23.2,13,15,14,2,12,26,0.162,1.06,107
288,Adam Ottavino,NYY,RP,2,3,5.89,24,0,0,18.1,20,12,12,2,9,25,0.27,1.58,106
288,Jarlin García,SF,RP,2,1,0.49,19,0,0,18.1,11,6,1,0,7,14,0.175,0.98,106
288,Dan Altavilla,SD,RP,2,3,5.75,22,0,1,20.1,18,14,13,3,12,24,0.231,1.48,106
288,Wes Benjamin,TEX,SP,2,1,4.84,8,1,0,22.1,24,12,12,4,7,21,0.264,1.39,106
292,Anthony DeSclafani,CIN,SP,1,2,7.22,9,7,0,33.2,41,27,27,7,16,25,0.301,1.69,105
292,Steven Matz,NYM,SP,0,5,9.69,9,6,0,30.2,42,33,33,14,10,36,0.323,1.7,105
292,Anthony Kay,TOR,SP,2,0,5.14,13,0,0,21,22,13,12,3,14,22,0.268,1.71,105
292,Aaron Slegers,TB,SP,0,0,3.46,11,1,2,26,18,10,10,1,5,19,0.189,0.89,105
292,Tim Hill,SD,RP,3,0,4.5,23,0,0,18,17,9,9,3,6,20,0.239,1.28,105
292,Daniel Castano,MIA,SP,1,2,3.03,7,6,0,29.2,30,12,10,3,11,12,0.263,1.38,105
298,Nick Tropeano,PIT,SP,1,0,1.15,7,0,0,15.2,14,2,2,1,4,19,0.233,1.15,104
298,James Paxton,NYY,SP,1,1,6.64,5,5,0,20.1,23,17,15,4,7,26,0.284,1.48,104
298,Colten Brewer,BOS,RP,0,3,5.61,11,4,0,25.2,31,17,16,6,14,25,0.29,1.75,104
298,Ryan Borucki,TOR,SP,1,1,2.7,21,0,0,16.2,12,5,5,1,12,21,0.2,1.44,104
302,Craig Kimbrel,CHC,RP,0,1,5.28,18,0,2,15.1,10,9,9,2,12,28,0.182,1.44,103
302,Archie Bradley,CIN,RP,2,0,2.95,16,0,6,18.1,17,6,6,1,3,18,0.246,1.09,103
302,Geoff Hartlieb,PIT,RP,1,0,3.63,21,0,0,22.1,16,11,9,1,19,19,0.205,1.57,103
305,Emilio Pagán,SD,RP,0,1,4.5,22,0,2,22,14,11,11,4,9,23,0.182,1.05,102
305,Mitch Keller,PIT,SP,1,1,2.91,5,5,0,21.2,9,7,7,4,18,16,0.132,1.25,102
305,Giovanny Gallegos,STL,RP,2,2,3.6,16,0,4,15,9,6,6,1,4,21,0.17,0.87,102
305,Dean Kremer,BAL,RP,1,1,4.82,4,4,0,18.2,15,10,10,0,12,22,0.214,1.45,102
309,Mark Melancon,ATL,RP,2,1,2.78,23,0,11,22.2,22,8,7,1,7,14,0.256,1.28,101
309,Austin Brice,BOS,RP,1,0,5.95,21,1,0,19.2,17,13,13,3,13,25,0.236,1.53,101
309,Jason Adam,CHC,RP,2,1,3.29,13,0,0,13.2,9,7,5,2,8,21,0.176,1.24,101
309,Bryan Garcia,DET,RP,2,1,1.66,26,0,4,21.2,18,6,4,0,10,12,0.217,1.29,101
313,Jared Hughes,NYM,RP,1,2,4.84,18,0,0,22.1,23,17,12,3,14,21,0.256,1.66,100
313,Reynaldo López,CHW,SP,1,3,6.49,8,8,0,26.1,28,21,19,9,15,24,0.269,1.63,100
313,Taylor Hearn,TEX,SP,0,0,3.64,14,0,0,17.1,13,8,7,2,11,23,0.206,1.39,100
313,Spencer Howard,PHI,SP,1,2,5.92,6,6,0,24.1,30,17,16,6,10,23,0.3,1.64,100
317,Zach Britton,NYY,RP,1,2,1.9,20,0,8,19,12,6,4,0,7,16,0.174,1,99
317,Carlos Estévez,COL,RP,1,3,7.5,26,0,1,24,33,21,20,6,9,27,0.317,1.75,99
317,Adam Plutko,CLE,SP,2,2,4.88,10,4,1,27.2,30,15,15,5,7,15,0.28,1.34,99
320,Will Harris,WSH,RP,0,1,3.06,20,0,1,17.2,21,9,6,3,9,21,0.28,1.7,98
320,Jimmy Cordero,CHW,RP,1,2,6.08,30,0,0,26.2,33,21,18,2,9,22,0.297,1.58,98
320,Shun Yamaguchi,TOR,RP,2,4,8.07,17,0,0,25.2,28,25,23,6,17,26,0.275,1.75,98
323,Jeffrey Springs,BOS,RP,0,2,7.08,16,0,0,20.1,30,18,16,5,7,28,0.326,1.82,97
323,Casey Mize,DET,SP,0,3,6.99,7,7,0,28.1,29,25,22,7,13,26,0.252,1.48,97
325,Brad Boxberger,MIA,RP,1,0,3,23,0,0,18,17,7,6,3,8,18,0.246,1.39,96
325,Taylor Widener,ARI,SP,0,1,4.5,12,0,0,20,14,10,10,5,12,22,0.192,1.3,96
327,Brandon Workman,PHI,RP,1,4,5.95,21,0,9,19.2,31,14,13,4,13,23,0.348,2.24,95
327,Aroldis Chapman,NYY,RP,1,1,3.09,13,0,3,11.2,6,4,4,2,4,22,0.146,0.86,95
327,Touki Toussaint,ATL,RP,0,2,8.88,7,5,0,24.1,27,28,24,7,16,30,0.273,1.77,95
327,Jimmy Herget,TEX,RP,1,0,3.2,20,1,0,19.2,13,7,7,2,14,17,0.188,1.37,95
327,Michael King,NYY,SP,1,2,7.76,9,4,0,26.2,30,23,23,5,11,26,0.278,1.54,95
332,Casey Sadler,SEA,RP,1,2,5.12,17,0,0,19.1,15,13,11,3,12,21,0.203,1.4,94
332,Josh Osich,CHC,RP,1,1,6.38,17,1,0,18.1,21,16,13,6,5,24,0.262,1.42,94
332,Ty Buttrey,LAA,RP,2,3,5.81,27,0,5,26.1,28,18,17,4,9,18,0.277,1.41,94
332,Rowan Wick,CHC,RP,0,1,3.12,19,0,4,17.1,18,6,6,1,6,20,0.265,1.39,94
336,Jacob Barnes,LAA,RP,0,2,5.5,18,0,0,18,19,13,11,1,4,24,0.268,1.28,93
337,Zack Godley,BOS,SP,0,4,8.16,8,7,0,28.2,42,26,26,9,14,28,0.336,1.95,92
337,Luis Cessa,NYY,RP,0,0,3.32,16,0,1,21.2,20,10,8,2,7,17,0.235,1.25,92
337,Ryne Harper,WSH,RP,1,0,7.61,23,0,0,23.2,29,21,20,5,9,25,0.29,1.61,92
340,Dan Winkler,CHC,RP,0,0,2.95,18,0,0,18.1,11,7,6,3,11,18,0.169,1.2,91
340,Nick Vincent,MIA,RP,1,2,4.43,21,0,3,22.1,23,11,11,5,6,17,0.267,1.3,91
340,Luke Jackson,ATL,RP,2,0,6.84,19,0,0,26.1,39,23,20,2,13,20,0.342,1.98,91
340,Brusdar Graterol,LAD,RP,1,2,3.09,23,2,0,23.1,18,9,8,1,3,13,0.225,0.9,91
340,Luis Patiño,SD,SP,1,0,5.19,11,1,0,17.1,18,10,10,3,14,21,0.257,1.85,91
345,Oliver Pérez,CLE,RP,1,1,2,21,0,1,18,13,5,4,0,6,14,0.206,1.06,90
345,Will Smith,ATL,RP,2,2,4.5,18,0,0,16,11,8,8,7,4,18,0.19,0.94,90
345,Tony Watson,SF,RP,1,0,2.5,21,0,2,18,13,8,5,3,3,15,0.191,0.89,90
345,Noé Ramirez,LAA,RP,1,0,3,21,0,0,21,15,7,7,2,9,14,0.195,1.14,90
345,Shawn Armstrong,BAL,RP,2,0,1.8,14,0,0,15,9,6,3,1,3,14,0.17,0.8,90
350,Ross Detwiler,CHW,SP,1,1,3.2,16,0,0,19.2,19,8,7,2,5,15,0.253,1.22,89
350,Matt Strahm,SD,SP,0,1,2.61,19,0,0,20.2,14,6,6,3,4,15,0.189,0.87,89
350,Nik Turley,PIT,SP,0,3,4.99,25,0,1,21.2,13,13,12,1,11,20,0.171,1.11,89
350,Nick Nelson,NYY,SP,1,0,4.79,11,0,0,20.2,20,13,11,4,11,18,0.256,1.5,89
350,Jonathan Holder,NYY,RP,3,0,4.99,19,0,0,21.2,25,13,12,3,11,14,0.272,1.66,89
350,Cole Sulser,BAL,RP,1,5,5.56,19,0,5,22.2,17,18,14,2,17,19,0.202,1.5,89
356,Steve Cishek,CHW,RP,0,0,5.4,22,0,0,20,21,12,12,4,9,21,0.269,1.5,87
356,John Gant,STL,RP,0,3,2.4,17,0,0,15,9,6,4,0,7,18,0.161,1.07,87
356,Cody Stashak,MIN,RP,1,0,3,11,0,0,15,11,5,5,2,3,17,0.204,0.93,87
359,Nate Jones,CIN,RP,0,1,6.27,21,0,0,18.2,25,13,13,5,6,23,0.325,1.66,86
359,Rafael Montero,TEX,RP,0,1,4.08,17,0,8,17.2,12,11,8,2,6,19,0.185,1.02,86
359,Joe Jiménez,DET,RP,1,3,7.15,25,0,5,22.2,25,19,18,7,6,22,0.281,1.37,86
362,Buck Farmer,DET,RP,1,0,3.8,23,0,0,21.1,20,9,9,3,5,14,0.244,1.17,85
362,Evan Phillips,BAL,RP,1,1,5.02,14,0,0,14.1,14,8,8,1,10,20,0.25,1.67,85
362,Drew Rasmussen,MIL,SP,1,0,5.87,12,0,0,15.1,17,10,10,3,9,21,0.27,1.7,85
362,Cam Hill,CLE,RP,2,0,4.91,18,0,1,18.1,11,11,10,4,5,16,0.175,0.87,85
366,Hector Rondón,ARI,RP,1,0,7.65,23,0,0,20,25,18,17,6,11,23,0.298,1.8,84
367,Robbie Erlin,ATL,RP,0,0,8.1,9,5,0,26.2,33,24,24,8,7,25,0.295,1.5,83
368,Cy Sneed,HOU,RP,0,3,5.71,18,0,0,17.1,22,15,11,3,10,21,0.289,1.85,82
368,Shaun Anderson,SF,SP,0,0,3.52,18,0,0,15.1,10,6,6,3,12,18,0.182,1.44,82
370,Andrew Miller,STL,RP,1,1,2.77,16,0,4,13,9,4,4,0,5,16,0.191,1.08,81
370,Jordan Weems,OAK,RP,0,0,3.21,9,0,0,14,10,5,5,1,7,18,0.2,1.21,81
370,Dennis Santana,LAD,RP,1,2,5.29,12,0,0,17,15,11,10,4,7,18,0.224,1.29,81
370,Dovydas Neverauskas,PIT,RP,0,3,7.11,17,0,0,19,24,17,15,5,10,23,0.293,1.79,81
374,Taylor Williams,SD,RP,1,1,6.14,15,0,6,14.2,14,10,10,1,7,20,0.246,1.43,80
374,Joely Rodríguez,TEX,RP,0,0,2.13,12,0,0,12.2,8,3,3,0,5,17,0.174,1.03,80
374,Dillon Tate,BAL,RP,1,1,3.24,12,0,0,16.2,9,7,6,1,5,14,0.161,0.84,80
377,Josh A. Smith,MIA,RP,1,1,6.84,16,1,1,26.1,33,21,20,3,11,18,0.308,1.67,79
377,Cesar Valdez,BAL,RP,1,1,1.26,9,0,3,14.1,7,3,2,0,3,12,0.159,0.7,79
377,Jakob Junis,KC,SP,0,2,6.4,8,6,0,25.1,35,18,18,7,6,19,0.333,1.62,79
377,Josh James,HOU,SP,1,0,7.27,13,2,0,17.1,15,14,14,4,17,21,0.234,1.85,79
381,Heath Hembree,PHI,RP,3,0,9,22,0,0,19,26,19,19,9,8,20,0.325,1.79,78
381,Burch Smith,OAK,RP,2,0,2.25,6,0,1,12,7,3,3,1,1,13,0.159,0.67,78
381,Jake Woodford,STL,SP,1,0,5.57,12,1,0,21,20,13,13,7,5,16,0.253,1.19,78
384,Johan Oviedo,STL,SP,0,3,5.47,5,5,0,24.2,24,18,15,3,10,16,0.253,1.38,77
384,Richard Bleier,MIA,RP,1,1,2.16,21,0,0,16.2,14,6,4,0,4,11,0.226,1.08,77
384,Bryse Wilson,ATL,SP,1,0,4.02,6,2,1,15.2,18,7,7,2,9,15,0.286,1.72,77
387,Connor Brogdon,PHI,RP,1,0,3.97,9,0,0,11.1,5,5,5,3,5,17,0.128,0.88,76
388,Alex Claudio,MIL,RP,0,0,4.26,20,0,1,19,18,10,9,2,6,15,0.24,1.26,75
388,Cody Ponce,PIT,SP,1,1,3.18,5,3,0,17,12,7,6,5,6,12,0.194,1.06,75
388,Caleb Smith,ARI,SP,0,0,2.57,5,4,0,14,6,4,4,3,12,15,0.125,1.29,75
391,Nick Pivetta,BOS,RP,2,0,6.89,5,2,0,15.2,18,12,12,4,6,17,0.286,1.53,74
391,Huascar Ynoa,ATL,RP,0,0,5.82,9,5,0,21.2,23,14,14,2,13,17,0.277,1.66,74
393,José Ureña,MIA,SP,0,3,5.4,5,5,0,23.1,22,15,14,4,13,15,0.247,1.5,73
393,Aaron Bummer,CHW,RP,1,0,0.96,9,0,0,9.1,5,1,1,0,5,14,0.152,1.07,73
395,David Hale,PHI,RP,0,0,3.71,11,2,1,17,23,7,7,2,4,14,0.324,1.59,72
395,Pedro Báez,LAD,RP,0,0,3.18,18,0,2,17,10,8,6,2,7,13,0.159,1,72
395,Nate Pearson,TOR,SP,1,0,6,5,4,0,18,14,15,12,5,13,16,0.209,1.5,72
398,T.J. McFarland,OAK,RP,2,0,4.36,23,0,0,20.2,26,10,10,5,5,9,0.302,1.5,71
398,Kendall Graveman,SEA,SP,1,3,5.79,11,2,0,18.2,15,13,12,2,8,15,0.217,1.23,71
400,Jeff Hoffman,COL,SP,2,1,9.28,16,0,1,21.1,32,23,22,3,9,20,0.352,1.92,70
401,Kyle McGowin,WSH,RP,1,0,4.91,9,0,1,11,9,6,6,2,5,16,0.209,1.27,69
401,Devin Smeltzer,MIN,SP,2,0,6.75,7,1,0,16,19,12,12,2,5,15,0.292,1.5,69
403,Yoan López,ARI,RP,0,1,5.95,20,0,0,19.2,21,15,13,4,9,16,0.266,1.53,68
404,Erasmo Ramírez,NYM,SP,0,0,0.63,6,0,1,14.1,8,1,1,1,4,9,0.163,0.84,67
404,Luis Perdomo,SD,RP,0,0,5.71,10,1,0,17.1,13,12,11,3,10,16,0.203,1.33,67
406,Jairo Díaz,COL,RP,1,2,7.65,24,0,4,20,31,21,17,4,14,17,0.356,2.25,66
406,Keury Mella,ARI,RP,2,0,1.8,11,0,0,10,10,3,2,1,3,10,0.263,1.3,66
406,Julian Merryweather,TOR,SP,0,0,4.15,8,3,0,13,11,6,6,0,6,15,0.224,1.31,66
406,Kevin Ginkel,ARI,RP,0,2,6.75,19,0,1,16,21,13,12,3,13,18,0.313,2.13,66
410,Javy Guerra,WSH,RP,0,0,4.02,14,0,0,15.2,19,7,7,2,7,13,0.302,1.66,65
410,Cam Bedrosian,LAA,RP,0,0,2.46,11,0,0,14.2,10,4,4,0,6,11,0.196,1.09,65
410,Brett Martin,TEX,RP,1,1,1.84,15,0,0,14.2,8,5,3,2,9,8,0.154,1.16,65
410,Seth Elledge,STL,RP,1,0,4.63,12,0,0,11.2,11,6,6,2,8,14,0.262,1.63,65
414,Scott Alexander,LAD,RP,2,0,2.92,13,0,0,12.1,9,6,4,2,9,9,0.2,1.46,64
414,Darwinzon Hernandez,BOS,RP,1,0,2.16,7,0,0,8.1,5,2,2,0,8,13,0.161,1.56,64
416,Adam Morgan,PHI,RP,0,1,5.54,17,0,0,13,14,8,8,3,6,16,0.269,1.54,63
416,Mike Kickham,BOS,RP,1,1,7.71,6,2,0,14,21,12,12,6,5,17,0.333,1.86,63
418,Chi Chi González,COL,SP,0,2,6.86,6,4,0,19.2,22,16,15,3,10,16,0.289,1.63,62
418,Michael Fulmer,DET,SP,0,2,8.78,10,10,0,27.2,45,27,27,8,12,20,0.375,2.06,62
420,Brad Brach,NYM,RP,1,0,5.84,14,0,0,12.1,8,8,8,2,14,14,0.186,1.78,61
420,Brady Lail,SEA,RP,0,0,4.41,8,0,0,16.1,14,8,8,5,7,12,0.226,1.29,61
420,Walker Lockett,SEA,SP,1,0,4.96,7,1,0,16.1,21,9,9,2,4,11,0.313,1.53,61
420,Robert Stock,BOS,RP,0,1,4.73,10,0,0,13.1,16,9,7,0,10,14,0.32,1.95,61
424,Jacob Webb,ATL,RP,0,0,0,8,0,0,10,7,2,0,0,5,10,0.2,1.2,60
425,Kyle Ryan,CHC,RP,1,0,5.17,18,0,1,15.2,16,9,9,5,6,11,0.267,1.4,59
425,Carlos Hernandez,KC,SP,0,1,4.91,5,3,0,14.2,19,9,8,4,6,13,0.317,1.71,59
427,Chaz Roe,TB,RP,2,0,2.89,10,0,1,9.1,10,4,3,0,3,9,0.286,1.39,58
427,Corey Knebel,MIL,RP,0,0,6.08,15,0,0,13.1,15,9,9,4,8,15,0.278,1.73,58
429,Alex Wood,LAD,SP,0,1,6.4,9,2,0,12.2,17,11,9,2,6,15,0.304,1.82,56
429,John Schreiber,DET,RP,0,1,6.32,15,0,0,15.2,19,11,11,2,4,14,0.297,1.47,56
431,Yonny Chirinos,TB,SP,0,0,2.38,3,3,0,11.1,14,4,3,2,4,10,0.304,1.59,55
431,Travis Bergen,ARI,RP,1,0,3.24,8,0,1,8.1,5,3,3,1,9,11,0.185,1.68,55
431,Conner Menez,SF,SP,1,0,2.38,7,0,0,11.1,6,4,3,2,5,8,0.158,0.97,55
434,Cody Reed,TB,SP,0,1,4.5,11,0,0,12,11,6,6,2,8,12,0.239,1.58,54
434,Rony García,DET,RP,1,0,8.14,15,2,0,21,25,20,19,7,9,14,0.287,1.62,54
436,Andrew Chafin,CHC,RP,1,2,6.52,15,0,1,9.2,11,7,7,2,5,13,0.275,1.66,53
436,Hansel Robles,LAA,RP,0,2,10.26,18,0,1,16.2,19,20,19,4,10,20,0.275,1.74,53
436,Justin Topa,MIL,RP,0,1,2.35,6,0,0,7.2,7,3,2,1,0,12,0.226,0.91,53
436,Jacob Waguespack,TOR,SP,0,0,8.15,11,0,0,17.2,27,20,16,2,9,16,0.346,2.04,53
440,Wade Miley,CIN,SP,0,3,5.65,6,4,0,14.1,15,10,9,1,9,12,0.268,1.67,52
440,Wade LeBlanc,BAL,SP,1,0,8.06,6,6,0,22.1,27,20,20,6,8,13,0.293,1.57,52
440,Daniel Mengden,OAK,SP,0,1,3.65,4,1,0,12.1,14,5,5,2,7,10,0.286,1.7,52
440,Kyle Funkhouser,DET,SP,1,1,7.27,13,0,0,17.1,22,14,14,3,11,12,0.319,1.9,52
440,Ian Gibaut,TEX,RP,0,1,6.57,14,0,0,12.1,11,10,9,2,9,14,0.229,1.62,52
440,Luis Garcia,HOU,SP,0,1,2.92,5,1,0,12.1,7,4,4,1,5,9,0.167,0.97,52
446,Joe Kelly,LAD,RP,0,0,1.8,12,1,0,10,8,3,2,0,7,9,0.235,1.5,51
446,José Quintana,CHC,SP,0,0,4.5,4,1,0,10,10,5,5,1,3,12,0.263,1.3,51
446,Jesse Chavez,TEX,RP,0,0,6.88,18,0,0,17,20,13,13,6,7,13,0.303,1.59,51
446,Colin Rea,CHC,SP,1,1,5.79,9,2,0,14,15,9,9,3,2,10,0.254,1.21,51
446,Mike Soroka,ATL,SP,0,1,3.95,3,3,0,13.2,11,7,6,0,7,8,0.224,1.32,51
446,Ryan Helsley,STL,RP,1,1,5.25,12,0,1,12,8,8,7,3,8,10,0.182,1.33,51
446,Corey Oswalt,NYM,RP,0,0,4.85,4,1,0,13,14,7,7,3,2,11,0.264,1.23,51
453,Dominic Leone,CLE,RP,0,0,8.38,12,0,0,9.2,14,9,9,3,5,16,0.333,1.97,50
453,Joey Gerber,SEA,RP,1,1,4.02,17,0,0,15.2,13,8,7,1,5,6,0.236,1.15,50
455,Julio Teheran,LAA,SP,0,4,10.05,10,9,0,31.1,39,35,35,12,16,20,0.305,1.76,49
455,Carson Fulmer,BAL,SP,0,0,4.36,10,0,0,10.1,8,5,5,1,5,11,0.2,1.26,49
455,Ben Braymer,WSH,SP,1,0,1.23,3,1,0,7.1,7,1,1,0,5,8,0.241,1.64,49
458,Keynan Middleton,LAA,RP,0,1,5.25,13,0,0,12,12,8,7,2,6,11,0.267,1.5,48
458,José Alvarado,TB,RP,0,0,6,9,0,0,9,9,7,6,2,6,13,0.25,1.67,48
460,Jake Odorizzi,MIN,SP,0,1,6.59,4,4,0,13.2,16,10,10,4,3,12,0.291,1.39,47
460,Ljay Newsome,SEA,SP,0,1,5.17,5,4,0,15.2,20,9,9,4,1,9,0.303,1.34,47
462,Wilmer Font,TOR,RP,1,3,9.92,21,0,0,16.1,28,19,18,2,9,15,0.373,2.27,46
462,Lewis Thorpe,MIN,SP,0,1,6.06,7,1,0,16.1,24,12,11,4,10,10,0.358,2.08,46
462,Yoshihisa Hirano,SEA,RP,0,1,5.84,13,0,4,12.1,18,9,8,2,8,11,0.327,2.11,46
465,Ian Kennedy,KC,RP,0,2,9,15,1,0,14,20,17,14,7,5,15,0.323,1.79,45
465,Carlos Martínez,STL,RP,0,3,9.9,5,5,0,20,32,26,22,6,10,17,0.352,2.1,45
465,Ryan Buchter,LAA,RP,2,0,4.5,10,0,0,6,5,4,3,2,6,8,0.217,1.83,45
465,Stephen Tarpley,MIA,RP,2,2,9,12,0,1,11,11,12,11,2,8,11,0.275,1.73,45
465,Humberto Mejía,MIA,SP,0,2,5.4,3,3,0,10,13,8,6,3,6,11,0.31,1.9,45
470,Nick Ramirez,DET,RP,0,0,5.91,5,0,0,10.2,8,7,7,3,4,11,0.2,1.13,44
470,Humberto Castellanos,HOU,RP,0,1,6.75,8,0,0,10.2,12,8,8,2,5,12,0.267,1.59,44
472,Matt Magill,SEA,RP,0,1,6.1,11,0,0,10.1,9,7,7,3,6,11,0.231,1.45,43
472,Justin Verlander,HOU,SP,1,0,3,1,1,0,6,3,2,2,2,1,7,0.15,0.67,43
472,Hoby Milner,LAA,RP,0,0,8.1,19,0,0,13.1,13,12,12,5,6,13,0.25,1.43,43
472,T.J. Zeuch,TOR,SP,1,0,1.59,3,1,0,11.1,9,2,2,1,4,3,0.209,1.15,43
472,John King,TEX,SP,1,0,6.1,6,0,0,10.1,13,8,7,2,4,9,0.289,1.65,43
477,Homer Bailey,MIN,SP,1,0,3.38,2,2,0,8,6,3,3,1,3,7,0.207,1.13,42
477,Tyler Thornburg,CIN,RP,0,0,3.86,7,0,0,7,6,3,3,0,5,10,0.222,1.57,42
477,Dylan Covey,BOS,SP,0,0,7.07,8,0,0,14,18,11,11,2,2,11,0.31,1.43,42
477,Miguel Yajure,NYY,SP,0,0,1.29,3,0,0,7,3,1,1,1,5,8,0.13,1.14,42
477,Garrett Crochet,CHW,SP,0,0,0,5,0,0,6,3,0,0,0,0,8,0.143,0.5,42
482,Logan Allen,CLE,RP,0,0,3.38,3,0,0,10.2,12,4,4,1,7,7,0.293,1.78,41
482,Sam Coonrod,SF,SP,0,2,9.82,18,0,3,14.2,17,16,16,2,7,15,0.283,1.64,41
482,Sean Reid-Foley,TOR,SP,1,0,1.35,5,0,0,6.2,3,3,1,0,6,6,0.125,1.35,41
482,Jesus Tinoco,COL,RP,0,0,1.04,6,0,0,8.2,3,1,1,0,7,6,0.12,1.15,41
482,Ryan Sherriff,TB,RP,1,0,0,10,0,1,9.2,6,0,0,0,2,2,0.188,0.83,41
482,Sean Poppen,MIN,RP,0,0,4.7,6,0,0,7.2,9,4,4,0,4,10,0.29,1.7,41
482,Ramón Rosso,PHI,SP,0,1,6.52,7,1,0,9.2,9,7,7,1,8,11,0.243,1.76,41
489,Luis Avilán,NYY,RP,0,0,4.32,10,0,0,8.1,9,4,4,2,5,9,0.265,1.68,40
489,Nabil Crismatt,STL,SP,0,0,3.24,6,0,0,8.1,6,3,3,2,1,8,0.2,0.84,40
491,Nick Goody,TEX,RP,0,2,9,17,1,1,11,14,12,11,3,8,13,0.304,2,39
491,Ryne Stanek,MIA,RP,0,0,7.2,9,0,0,10,11,8,8,3,8,11,0.275,1.9,39
491,Rico Garcia,SF,SP,1,1,5.4,12,0,0,10,13,6,6,1,4,7,0.333,1.7,39
494,Dellin Betances,NYM,RP,0,1,7.71,15,0,0,11.2,12,10,10,0,12,11,0.267,2.06,38
494,Braxton Garrett,MIA,SP,1,1,5.87,2,2,0,7.2,8,6,5,3,5,8,0.276,1.7,38
496,Luis García,TEX,RP,0,2,7.56,11,2,0,8.1,10,9,7,1,9,11,0.27,2.28,37
496,Javy Guerra,SD,RP,1,0,10.13,14,0,0,13.1,25,16,15,1,5,12,0.417,2.25,37
496,Cionel Pérez,HOU,RP,0,0,2.84,7,0,0,6.1,7,2,2,0,6,8,0.269,2.05,37
499,Iván Nova,DET,SP,1,1,8.53,4,4,0,19,22,18,18,4,9,9,0.278,1.63,36
499,Robert Stephenson,CIN,RP,0,0,9.9,10,0,0,10,11,11,11,8,3,13,0.282,1.4,36
501,Kyle Crick,PIT,RP,0,1,1.59,7,0,0,5.2,7,6,1,0,4,7,0.269,1.94,35
501,JoJo Romero,PHI,SP,0,0,7.59,12,0,0,10.2,13,10,9,1,2,10,0.31,1.41,35
503,José Álvarez,PHI,RP,0,0,1.42,8,0,0,6.1,7,1,1,0,3,6,0.292,1.58,34
503,Brandon Brennan,SEA,RP,0,0,3.68,5,0,0,7.1,7,3,3,2,5,7,0.25,1.64,34
503,Adam Cimber,CLE,RP,0,1,3.97,14,0,0,11.1,13,5,5,1,2,5,0.289,1.32,34
506,Oliver Drake,TB,RP,0,2,5.73,11,0,2,11,7,8,7,2,6,7,0.179,1.18,33
506,Branden Kline,BAL,RP,0,0,1.8,3,0,0,5,2,1,1,0,3,7,0.118,1,33
508,Hunter Harvey,BAL,RP,0,2,4.15,10,0,0,8.2,8,6,4,2,2,6,0.235,1.15,32
508,Andrew Suárez,SF,RP,0,0,3.72,6,0,0,9.2,9,4,4,1,6,5,0.25,1.55,32
508,Nivaldo Rodriguez,HOU,SP,0,1,6.23,5,0,0,8.2,15,7,6,3,6,8,0.375,2.42,32
511,Deolis Guerra,PHI,RP,1,3,8.59,9,0,0,7.1,10,9,7,3,2,8,0.303,1.64,31
511,Franklyn Kilome,NYM,SP,0,1,11.12,4,0,1,11.1,14,14,14,5,9,13,0.298,2.03,31
511,Jonathon Feyereisen,MIL,RP,0,0,5.79,6,0,0,9.1,4,6,6,3,5,7,0.138,0.96,31
514,Sam Freeman,WSH,RP,0,0,1.8,7,0,0,5,2,1,1,0,7,6,0.111,1.8,30
514,Paolo Espino,WSH,RP,0,0,4.5,2,1,0,6,8,3,3,1,2,7,0.32,1.67,30
514,Ben Heller,NYY,RP,0,0,3,6,0,0,6,5,2,2,2,2,6,0.217,1.17,30
514,Patrick Murphy,TOR,SP,0,0,1.5,4,0,0,6,6,1,1,0,2,5,0.261,1.33,30
514,Brandon Leibrandt,MIA,SP,0,0,2,5,0,0,9,3,2,2,0,7,3,0.103,1.11,30
519,Carl Edwards Jr.,SEA,RP,0,0,1.93,5,0,1,4.2,2,1,1,0,1,6,0.125,0.64,29
519,Taylor Guilbeau,SEA,RP,0,0,1.17,8,0,0,7.2,8,1,1,0,6,3,0.267,1.83,29
521,Pat Venditte,MIA,RP,0,0,0,3,0,0,4.1,1,0,0,0,0,5,0.077,0.23,28
521,Marcus Walden,BOS,RP,0,2,9.45,15,0,1,13.1,23,18,14,5,9,10,0.371,2.4,28
521,Zack Burdi,CHW,RP,0,1,11.05,8,0,0,7.1,11,11,9,4,3,11,0.324,1.91,28
521,Brandon Bailey,HOU,SP,0,0,2.46,5,0,0,7.1,6,2,2,1,3,4,0.231,1.23,28
525,Drew Smith,NYM,RP,0,1,6.43,8,0,0,7,6,6,5,2,2,7,0.214,1.14,27
525,Andrew Kittredge,TB,RP,0,0,2.25,8,1,1,8,8,2,2,0,2,3,0.276,1.25,27
525,Austin Adams,SD,RP,0,0,4.5,3,0,0,4,3,2,2,1,2,7,0.2,1.25,27
525,Nick Mears,PIT,RP,0,0,5.4,4,0,0,5,4,3,3,1,7,7,0.222,2.2,27
529,Edinson Vólquez,TEX,SP,2,1,6.35,7,0,0,5.2,6,4,4,0,2,3,0.261,1.41,26
529,Brian Moran,MIA,RP,1,0,9.64,8,0,0,4.2,6,5,5,1,6,7,0.3,2.57,26
529,Sean Doolittle,WSH,RP,0,2,5.87,11,0,0,7.2,9,6,5,3,4,6,0.29,1.7,26
529,Trevor Gott,SF,RP,1,2,10.03,15,0,4,11.2,13,13,13,7,8,8,0.271,1.8,26
529,Kodi Whitley,STL,RP,0,0,1.93,4,0,0,4.2,2,1,1,1,1,5,0.125,0.64,26
534,Rex Brothers,CHC,RP,0,0,8.1,3,0,0,3.1,2,3,3,2,3,8,0.167,1.5,25
534,Andrew Triggs,BOS,SP,0,2,7.56,5,2,0,8.1,8,7,7,3,6,7,0.242,1.68,25
534,Dakota Bacus,WSH,RP,0,0,7.94,11,0,0,11.1,14,10,10,1,9,7,0.298,2.03,25
534,Luke Bard,LAA,RP,0,0,6.75,6,0,0,5.1,7,4,4,2,0,7,0.304,1.31,25
534,Luke Farrell,TEX,RP,0,0,8.44,4,0,0,5.1,5,5,5,1,5,8,0.25,1.88,25
534,Josh Taylor,BOS,RP,1,1,9.82,8,0,0,7.1,7,8,8,2,5,7,0.233,1.64,25
534,Clarke Schmidt,NYY,SP,0,1,7.11,3,1,0,6.1,7,5,5,0,5,7,0.389,1.9,25
541,Mike Morin,MIA,RP,1,0,0,3,0,0,4,1,0,0,0,1,2,0.091,0.5,24
541,Robert Gsellman,NYM,RP,0,0,9.64,6,4,0,14,22,15,15,4,8,9,0.361,2.14,24
541,José Ruiz,CHW,RP,0,0,2.25,5,0,0,4,2,1,1,1,0,5,0.143,0.5,24
541,Bruce Zimmermann,BAL,SP,0,0,7.71,2,1,0,7,6,6,6,2,2,7,0.222,1.14,24
545,Michel Baez,SD,RP,0,0,7.71,3,1,0,4.2,7,4,4,0,2,7,0.333,1.93,23
546,Nick Neidert,MIA,SP,0,0,5.4,4,0,0,8.1,10,5,5,1,2,4,0.312,1.44,22
546,Domingo Tapia,BOS,RP,0,0,2.08,5,0,0,4.1,4,1,1,1,2,4,0.235,1.39,22
548,Eric Lauer,MIL,SP,0,2,13.09,4,2,0,11,17,16,16,2,9,12,0.347,2.36,21
548,Mitch White,LAD,SP,1,0,0,2,0,0,3,1,0,0,0,1,2,0.1,0.67,21
548,Demarcus Evans,TEX,RP,0,0,2.25,4,0,0,4,3,1,1,1,0,4,0.231,0.75,21
551,Matt Harvey,KC,SP,0,3,11.57,7,4,0,11.2,27,15,15,6,5,10,0.45,2.74,20
551,Jordan Zimmermann,DET,SP,0,0,7.94,3,2,0,5.2,11,6,5,0,2,6,0.423,2.29,20
551,Sean Newcomb,ATL,RP,0,2,11.2,4,4,0,13.2,20,17,17,4,6,10,0.333,1.9,20
551,Carlos Rodón,CHW,SP,0,2,8.22,4,2,0,7.2,9,7,7,1,3,6,0.29,1.57,20
551,Rob Kaminsky,STL,RP,0,0,1.93,5,0,0,4.2,3,3,1,0,2,3,0.176,1.07,20
551,Gabe Speier,KC,RP,0,1,7.94,8,0,0,5.2,9,5,5,1,4,6,0.346,2.29,20
551,José Quijada,LAA,RP,0,1,7.36,6,0,0,3.2,6,4,3,1,2,6,0.353,2.18,20
558,Mike Montgomery,KC,RP,0,0,5.06,3,1,0,5.1,6,5,3,1,1,4,0.286,1.31,19
558,Kirby Yates,SD,RP,0,1,12.46,6,0,2,4.1,7,6,6,1,4,8,0.35,2.54,19
558,Roberto Osuna,HOU,RP,0,0,2.08,4,0,1,4.1,3,1,1,0,0,3,0.176,0.69,19
558,Tyler Bashlor,PIT,RP,0,0,8.64,8,0,0,8.1,9,8,8,2,4,6,0.281,1.56,19
558,Artie Lewicki,ARI,RP,0,0,5.4,2,0,0,3.1,7,2,2,0,1,5,0.412,2.4,19
558,David Bednar,SD,RP,0,0,7.11,4,0,0,6.1,11,6,5,1,2,5,0.355,2.05,19
564,Jhoulys Chacín,ATL,SP,1,0,7.2,2,0,0,5,6,4,4,1,3,3,0.286,1.8,18
564,Adonis Medina,PHI,SP,0,1,4.5,1,1,0,4,3,2,2,0,3,4,0.2,1.5,18
564,Joel Kuhnel,CIN,RP,1,0,6,3,0,0,3,4,2,2,2,0,3,0.308,1.33,18
564,Ian Hamilton,CHW,RP,0,0,4.5,4,0,0,4,4,2,2,0,5,4,0.267,2.25,18
564,Blake Cederlind,PIT,RP,0,0,4.5,5,0,0,4,3,2,2,0,1,4,0.2,1,18
569,Ken Giles,TOR,RP,0,0,9.82,4,0,1,3.2,4,4,4,2,4,6,0.267,2.18,17
569,Danny Coulombe,MIN,RP,0,0,0,2,0,0,2.2,2,0,0,0,3,3,0.2,1.88,17
569,Beau Burrows,DET,SP,0,0,5.4,5,0,0,6.2,8,4,4,3,1,3,0.286,1.35,17
569,Joey Lucchesi,SD,SP,0,1,7.94,3,2,0,5.2,13,5,5,0,2,5,0.464,2.65,17
569,Chance Adams,KC,RP,0,0,9.35,6,0,0,8.2,15,9,9,1,0,6,0.375,1.73,17
569,Erik Swanson,SEA,RP,0,2,12.91,9,0,0,7.2,11,12,11,3,2,9,0.344,1.7,17
569,Ryan Meisinger,STL,RP,0,0,0,2,0,0,2.2,1,0,0,0,4,3,0.125,1.88,17
569,Brooks Kriske,NYY,RP,0,0,14.73,4,0,0,3.2,3,6,6,1,7,8,0.2,2.73,17
577,Sean Gilmartin,TB,RP,0,0,8.31,2,0,0,4.1,7,4,4,2,4,5,0.35,2.54,16
577,Nick Burdi,PIT,RP,0,1,3.86,4,0,1,2.1,2,1,1,0,2,4,0.25,1.71,16
577,Ricardo Sánchez,STL,SP,0,0,6.75,3,0,0,5.1,5,4,4,1,5,4,0.25,1.88,16
577,Josh Sborz,LAD,RP,0,0,2.08,4,0,0,4.1,2,1,1,1,1,2,0.133,0.69,16
577,Wil Crowe,WSH,SP,0,2,11.88,3,3,0,8.1,14,13,11,5,8,8,0.378,2.64,16
577,Joe Harvey,COL,RP,0,0,0,4,0,0,3.1,3,0,0,0,0,2,0.231,0.9,16
577,Bryan Abreu,HOU,RP,0,0,2.7,4,0,0,3.1,1,2,1,0,7,3,0.091,2.4,16
577,Aaron Fletcher,SEA,RP,0,0,12.46,6,0,0,4.1,7,6,6,1,7,7,0.35,3.23,16
585,Ray Black,MIL,RP,0,0,3,3,0,0,3,2,1,1,0,3,3,0.182,1.67,15
585,Anthony Banda,TB,SP,1,0,10.29,4,0,1,7,10,9,8,1,5,4,0.333,2.14,15
585,Scott Blewett,KC,RP,0,0,6,2,0,0,3,6,2,2,0,1,4,0.4,2.33,15
585,Kevin McCarthy,KC,RP,0,0,4.5,5,0,0,6,10,3,3,1,2,2,0.385,2,15
585,Alex McRae,CHW,RP,0,0,0,2,0,0,3,1,0,0,0,0,2,0.1,0.33,15
585,Kyle Hart,BOS,RP,0,1,15.55,4,3,0,11,24,21,19,4,10,13,0.429,3.09,15
591,Jeff Samardzija,SF,SP,0,2,9.72,5,4,0,16.2,21,19,18,7,4,6,0.296,1.5,14
591,Foster Griffin,KC,SP,1,0,0,1,0,0,1.2,0,0,0,0,0,1,0,0,14
591,James Kaprielian,OAK,SP,0,0,7.36,2,0,0,3.2,4,3,3,2,2,4,0.267,1.64,14
591,Trent Thornton,TOR,SP,0,0,11.12,3,3,0,5.2,15,7,7,0,3,6,0.517,3.18,14
595,Pedro Strop,CIN,RP,0,0,3.86,4,0,0,2.1,1,3,1,0,6,3,0.125,3,13
595,Hunter Strickland,NYM,RP,0,1,8.1,4,0,0,3.1,5,4,3,0,1,4,0.312,1.8,13
595,Randy Rosario,KC,RP,0,1,8.1,4,0,0,3.1,7,3,3,1,3,4,0.438,3,13
595,Chase De Jong,HOU,RP,0,1,14.73,3,2,0,7.1,12,12,12,2,4,9,0.375,2.18,13
595,Brandon Waddell,PIT,SP,0,0,2.7,2,0,0,3.1,2,1,1,0,2,2,0.167,1.2,13
595,Joe Palumbo,TEX,SP,0,1,11.57,2,0,0,2.1,3,3,3,1,3,5,0.273,2.57,13
595,Trevor Kelley,PHI,RP,0,0,10.8,4,0,0,3.1,8,4,4,2,1,5,0.444,2.7,13
595,Reggie McClain,PHI,RP,0,0,5.06,5,0,0,5.1,9,6,3,1,3,2,0.36,2.25,13
603,Tommy Kahnle,NYY,RP,0,0,0,1,0,0,1,1,0,0,0,1,3,0.2,2,12
603,Keone Kela,PIT,RP,0,0,4.5,3,0,0,2,3,1,1,1,1,3,0.333,2,12
603,José Leclerc,TEX,RP,0,0,4.5,2,0,1,2,2,1,1,0,2,3,0.25,2,12
603,José De León,CIN,RP,0,0,18,5,0,0,6,6,12,12,1,11,10,0.25,2.83,12
603,Glenn Sparkman,KC,SP,0,0,5.4,4,0,0,5,9,6,3,0,1,2,0.36,2,12
603,Joel Payamps,ARI,RP,0,0,3,2,0,0,3,2,2,1,0,3,2,0.2,1.67,12
603,Jimmy Lambert,CHW,SP,0,0,0,2,0,0,2,2,0,0,0,0,2,0.25,1,12
603,James Bourque,WSH,RP,1,0,6.75,6,0,0,4,3,3,3,1,5,1,0.2,2,12
611,Seth Romero,WSH,SP,0,0,13.5,3,0,0,2.2,5,4,4,1,3,5,0.333,3,11
611,Austin Davis,PIT,RP,0,0,10.8,9,0,0,6.2,11,8,8,1,2,5,0.367,1.95,11
611,Josh D. Smith,MIA,RP,0,0,10.8,2,0,0,1.2,2,2,2,1,1,4,0.286,1.8,11
614,Chris Rusin,ATL,RP,0,0,8.1,1,0,0,3.1,6,3,3,1,3,3,0.429,2.7,10
614,Brad Peacock,HOU,SP,0,0,7.71,3,0,0,2.1,3,2,2,0,1,3,0.3,1.71,10
614,Sal Romano,CIN,RP,1,0,0,2,0,0,1.1,0,0,0,0,0,0,0,0,10
614,Ashton Goudeau,COL,RP,0,0,7.56,4,0,0,8.1,15,7,7,3,2,2,0.441,2.04,10
618,Cory Gearrin,MIN,RP,0,0,0,1,0,0,2,0,0,0,0,2,1,0,1,9
618,David Hess,BAL,RP,0,0,6.43,3,0,0,7,10,5,5,1,2,1,0.333,1.71,9
618,Yacksel Ríos,PIT,RP,0,0,9,3,0,0,4,3,4,4,0,2,3,0.214,1.25,9
618,Phillip Diehl,COL,RP,0,0,10.5,6,0,0,6,7,7,7,2,1,4,0.292,1.33,9
622,A.J. Ramos,COL,RP,0,0,3.38,3,0,0,2.2,4,1,1,1,3,1,0.333,2.63,8
622,Robinson Leyer,BOS,RP,0,0,21.21,6,1,0,4.2,12,11,11,3,8,9,0.462,4.29,8
622,Chris Devenski,HOU,RP,0,1,14.73,4,0,0,3.2,7,6,6,1,3,5,0.389,2.73,8
622,Justin Shafer,MIA,RP,0,0,12.71,5,0,0,5.2,8,8,8,2,4,5,0.333,2.12,8
622,Nestor Cortes,SEA,RP,0,0,15.26,5,1,0,7.2,12,14,13,6,6,8,0.343,2.35,8
627,Cole Hamels,ATL,SP,0,1,8.1,1,1,0,3.1,3,3,3,0,1,2,0.25,1.2,7
627,Brett Eibner,MIA,RP,0,0,13.5,3,0,0,3.1,7,7,5,2,4,4,0.412,3.3,7
627,Clay Holmes,PIT,RP,0,0,0,1,0,0,1.1,2,0,0,0,0,1,0.333,1.5,7
627,Jimmy Yacabonis,SEA,RP,0,1,3.86,2,1,0,2.1,2,1,1,0,3,1,0.222,2.14,7
627,Zack Littell,MIN,RP,0,0,9.95,6,0,0,6.1,12,7,7,5,3,3,0.444,2.37,7
627,Sterling Sharp,MIA,SP,0,0,10.13,4,0,0,5.1,7,7,6,1,5,3,0.304,2.25,7
627,Jonathan Stiever,CHW,SP,0,1,9.95,2,2,0,6.1,7,7,7,4,4,3,0.28,1.74,7
634,Corey Kluber,TEX,SP,0,0,0,1,1,0,1,0,0,0,0,1,1,0,1,6
634,Johan Quezada,MIA,RP,0,0,9,3,0,0,3,4,3,3,1,1,2,0.364,1.67,6
634,Tyson Miller,CHC,SP,0,0,5.4,2,1,0,5,2,3,3,1,3,0,0.125,1,6
634,Matt Dermody,CHC,RP,0,0,0,1,0,0,1,0,0,0,0,0,1,0,0,6
634,Bernardo Flores Jr.,CHW,SP,0,0,9,2,0,0,2,4,2,2,0,0,2,0.4,2,6
634,Carlos Sanabria,HOU,RP,0,0,9,2,0,0,2,3,2,2,1,3,2,0.333,3,6
640,Justin Grimm,MIL,RP,0,0,17.36,4,0,0,4.2,9,9,9,4,4,6,0.391,2.79,5
640,Jesse Biddle,CIN,RP,0,0,0,1,0,0,0.2,1,0,0,0,1,1,0.333,3,5
640,Angel Perdomo,MIL,SP,0,0,20.25,3,0,0,2.2,3,7,6,0,7,5,0.273,3.75,5
640,Tucker Davidson,ATL,SP,0,1,10.8,1,1,0,1.2,3,7,2,1,4,2,0.333,4.2,5
640,Jose Rodriguez,LAA,RP,0,0,0,1,0,0,1.2,2,0,0,0,1,0,0.286,1.8,5
645,Kelvin Herrera,CHW,RP,0,0,15.43,2,0,0,2.1,3,4,4,2,1,3,0.3,1.71,4
645,Jordan Yamamoto,MIA,SP,0,1,18.27,4,3,0,11.1,27,24,23,8,7,13,0.458,3,4
645,Kyle Keller,LAA,RP,0,0,7.71,2,0,0,2.1,3,2,2,0,2,1,0.273,2.14,4
645,Jeremy Beasley,ARI,SP,0,0,0,1,0,0,0.1,2,0,0,0,0,1,0.667,6,4
645,Dany Jiménez,SF,RP,0,0,6.75,2,0,0,1.1,1,1,1,0,3,1,0.2,3,4
650,Stephen Strasburg,WSH,SP,0,1,10.8,2,2,0,5,8,6,6,1,1,2,0.364,1.8,3
650,Sam Gaviglio,TOR,RP,0,1,9,4,0,0,3,3,3,3,0,5,1,0.273,2.67,3
650,Ariel Jurado,NYM,RP,0,0,11.25,1,1,0,4,9,5,5,1,0,2,0.45,2.25,3
650,Brad Wieck,CHC,RP,0,0,18,1,0,0,1,1,2,2,1,1,2,0.25,2,3
650,Jesus Cruz,STL,RP,0,0,18,1,0,0,1,3,2,2,0,1,2,0.6,4,3
655,Aaron Barrett,WSH,RP,0,0,10.8,2,0,0,1.2,2,2,2,0,2,1,0.333,2.4,2
655,Garrett Cleavinger,PHI,RP,0,0,13.5,1,0,0,0.2,2,1,1,1,0,1,0.5,3,2
655,Chad Sobotka,ATL,RP,0,0,12.27,4,0,0,3.2,6,5,5,0,2,2,0.333,2.18,2
655,Hector Perez,TOR,SP,0,0,10.8,1,0,0,1.2,3,2,2,1,3,1,0.429,3.6,2
655,Ronald Bolaños,KC,SP,0,2,12.27,2,2,0,3.2,8,7,5,2,3,2,0.471,3,2
655,Dillon Peters,LAA,SP,0,0,16.2,1,1,0,1.2,3,4,3,2,0,2,0.333,1.8,2
655,Cole Irvin,PHI,SP,0,1,17.18,3,0,0,3.2,11,7,7,1,1,4,0.524,3.27,2
662,Mike Foltynewicz,ATL,SP,0,1,16.2,1,1,0,3.1,4,6,6,3,4,3,0.333,2.4,1
662,Joe Mantiply,ARI,RP,0,0,15.43,4,0,0,2.1,3,4,4,0,4,2,0.273,3,1
662,Albert Abreu,NYY,SP,0,1,20.25,2,0,0,1.1,4,4,3,1,2,2,0.444,4.5,1
662,Edgar García,TB,RP,0,0,10.8,4,0,1,3.1,3,4,4,2,4,1,0.25,2.1,1
662,Bobby Wahl,MIL,RP,0,1,11.57,3,0,0,2.1,4,3,3,2,0,1,0.4,1.71,1
662,Jordan Holloway,MIA,RP,0,0,0,1,0,0,0.1,2,0,0,0,1,0,0.667,9,1
662,Alex Vesia,MIA,RP,0,1,18.69,5,0,0,4.1,7,10,9,3,7,5,0.35,3.23,1
669,Bryan Shaw,SEA,RP,1,0,18,6,0,0,6,13,12,12,1,6,4,0.433,3.17,0
669,Silvino Bracho,ARI,RP,0,0,18,1,0,0,1,2,2,2,1,0,1,0.4,2,0
669,Jeff Brigham,MIA,RP,0,0,9,1,0,0,1,2,1,1,0,0,0,0.4,2,0
669,Dillon Maples,CHC,RP,0,0,18,2,0,0,1,1,3,2,0,4,1,0.2,5,0
669,Dereck Rodríguez,SF,SP,0,0,13.5,2,0,0,4,10,6,6,2,3,2,0.476,3.25,0
669,Richard Lovelady,KC,RP,0,0,9,1,0,0,1,1,1,1,1,1,0,0.333,2,0
669,Anthony Castro,DET,RP,0,0,18,1,0,0,1,1,2,2,1,1,1,0.25,2,0
676,Matt Hall,BOS,RP,0,3,18.69,4,1,0,8.2,17,18,18,2,10,9,0.395,3.12,-1
676,Robert Dugger,MIA,SP,0,0,12.66,4,1,0,10.2,21,16,15,5,3,4,0.396,2.25,-1
678,José Mujica,COL,SP,0,0,12.46,2,0,0,4.1,10,7,6,2,2,1,0.476,2.77,-2
678,Zac Grotz,SEA,RP,0,0,14.73,5,0,0,7.1,11,12,12,4,11,4,0.367,3,-2
680,Phil Bickford,MIL,RP,0,0,36,1,0,0,1,4,4,4,0,0,2,0.571,4,-3
680,Junior Fernández,STL,RP,0,0,18,3,0,0,3,6,6,6,1,2,2,0.429,2.67,-3
680,Paul Sewald,NYM,RP,0,0,13.5,5,0,0,6,12,9,9,1,4,2,0.414,2.67,-3
680,Jorge Guzman,MIA,SP,0,0,18,1,0,0,1,2,2,2,2,1,0,0.4,3,-3
680,Antonio Santos,COL,SP,0,1,16.5,3,1,0,6,14,11,11,1,4,4,0.483,3,-3
685,Patrick Weigel,ATL,RP,0,0,27,1,0,0,0.2,2,2,2,0,3,0,0.667,7.5,-4
685,Miguel Del Pozo,PIT,RP,0,0,17.18,5,0,0,3.2,7,7,7,0,8,2,0.412,4.09,-4
685,James Norwood,CHC,RP,0,0,16.2,3,0,0,1.2,4,3,3,0,1,0,0.5,3,-4
688,Joe Biagini,HOU,RP,0,0,20.77,4,0,0,4.1,10,10,10,1,4,4,0.435,3.23,-5
688,Tommy Doyle,COL,RP,0,0,23.14,3,0,0,2.1,6,6,6,0,4,2,0.462,4.29,-5
688,David McKay,DET,RP,0,0,54,1,0,0,0.1,1,2,2,1,1,0,0.5,6,-5
691,Daulton Jefferies,OAK,SP,0,1,22.5,1,1,0,2,5,5,5,2,2,1,0.455,3.5,-6
691,Mauricio Llovera,PHI,SP,0,0,36,1,0,0,1,5,4,4,0,1,1,0.625,6,-6
693,Tyler Lyons,NYY,RP,0,0,21.6,1,0,0,1.2,3,4,4,0,1,0,0.375,2.4,-7
693,Michael Feliz,PIT,RP,0,0,32.4,3,0,0,1.2,4,6,6,1,2,2,0.444,3.6,-7
693,Seth Frankoff,SEA,RP,0,0,16.88,2,0,0,2.2,6,5,5,0,2,0,0.429,3,-7
696,Wade Davis,COL,RP,0,1,20.77,5,0,2,4.1,9,10,10,3,3,3,0.409,2.77,-8
696,Drew Anderson,CHW,RP,0,1,40.5,1,0,0,1.1,4,6,6,2,2,2,0.5,4.5,-8
696,Paul Blackburn,OAK,SP,0,1,27,1,1,0,2.1,5,7,7,0,2,2,0.417,3,-8
696,Edwar Colina,MIN,SP,0,0,81,1,0,0,0.1,4,3,3,1,2,0,0.8,18,-8
700,Matt Grace,ARI,RP,0,1,54,3,0,0,1,5,6,6,1,2,2,0.625,7,-9
701,Brailyn Marquez,CHC,SP,0,0,67.5,1,0,0,0.2,2,5,5,0,3,1,0.5,7.5,-10
701,Kyle Nelson,CLE,RP,0,0,54,1,0,0,0.2,3,4,4,1,1,0,0.6,6,-10
703,Juan Nicasio,TEX,RP,0,0,40.5,2,0,0,1.1,5,6,6,1,2,1,0.556,5.25,-11
703,James Pazos,COL,RP,0,0,16.88,6,0,0,5.1,10,10,10,3,5,1,0.435,2.81,-11
705,Ranger Suárez,PHI,RP,0,1,20.25,3,0,0,4,10,9,9,1,4,1,0.476,3.5,-12
706,Roel Ramirez,STL,RP,0,0,81,1,0,0,0.2,6,6,6,4,1,1,0.857,10.5,-13
707,Jose Suarez,LAA,SP,0,2,38.57,2,2,0,2.1,10,10,10,1,5,2,0.588,6.43,-17
708,Cody Carroll,BAL,RP,0,0,54,3,0,0,2,9,12,12,0,5,3,0.643,7,-21